SourceDatabase,SourceSchema,SourceTableName,SourceColumnName,SourceDataType,TargetDataBase,TargetSchema,TargetTableName,TargetColumnName,TargetDataType,TargetDefaultValue,TargetLogic,IsPrimaryKey,IsForeignKey,OrdinalPosition,IsNullable,IsActive
QA_RAW_FP,LR,OLTP_EXAM,ExamId,int,QA_CURATED_FP,EDIP_SB,EXAM,Exam_Id,int,,,1,0,1,0,1
QA_RAW_FP,LR,OLTP_EXAM,IndividualId,int,QA_CURATED_FP,EDIP_SB,EXAM,Financial_Professional_Id,int,,,0,0,2,1,1
QA_RAW_FP,LR,OLTP_EXAM,RevisionSeq,int,QA_CURATED_FP,EDIP_SB,EXAM,Revision_Seq,int,,,0,0,3,1,1
QA_RAW_FP,LR,OLTP_EXAM,EffDate,datetime,QA_CURATED_FP,EDIP_SB,EXAM,Eff_Date,datetime,,,0,0,4,1,1
QA_RAW_FP,LR,OLTP_EXAM,EndDate,datetime,QA_CURATED_FP,EDIP_SB,EXAM,End_Date,datetime,,,0,0,5,1,1
QA_RAW_FP,LR,OLTP_EXAM,ExamCode,varchar(16),QA_CURATED_FP,EDIP_SB,EXAM,Exam_Code,varchar(50),,,0,0,6,1,1
QA_RAW_FP,LR,OLTP_EXAM,ExamStatus,varchar(20),QA_CURATED_FP,EDIP_SB,EXAM,Exam_Status,varchar(50),,,0,0,7,1,1
QA_RAW_FP,LR,OLTP_EXAM,StatusDate,datetime,QA_CURATED_FP,EDIP_SB,EXAM,Status_Date,datetime,,,0,0,8,1,1
QA_RAW_FP,LR,OLTP_EXAM,ExamDate,datetime,QA_CURATED_FP,EDIP_SB,EXAM,Exam_Date,datetime,,,0,0,9,1,1
QA_RAW_FP,LR,OLTP_EXAM,Grade,varchar(20),QA_CURATED_FP,EDIP_SB,EXAM,Grade,varchar(50),,,0,0,10,1,1
QA_RAW_FP,LR,OLTP_EXAM,Score,varchar(100),QA_CURATED_FP,EDIP_SB,EXAM,Score,varchar(50),,,0,0,11,1,1
QA_RAW_FP,LR,OLTP_EXAM,WindowBeginDate,datetime,QA_CURATED_FP,EDIP_SB,EXAM,Window_Begin_Date,datetime,,,0,0,12,1,1
QA_RAW_FP,LR,OLTP_EXAM,WindowEndDate,datetime,QA_CURATED_FP,EDIP_SB,EXAM,Window_End_Date,datetime,,,0,0,13,1,1
QA_RAW_FP,LR,OLTP_EXAM,UpdatedBy,varchar(32),QA_CURATED_FP,EDIP_SB,EXAM,Updated_By,varchar(50),,,0,0,14,1,1
QA_RAW_FP,LR,OLTP_EXAM,UpdateTS,datetime,QA_CURATED_FP,EDIP_SB,EXAM,Update_TS,datetime,,,0,0,15,1,1
QA_RAW_FP,LR,OLTP_CONTINUINGED,IndividualId,int,QA_CURATED_FP,EDIP_SB,CONTINUINGED,ContinuingEd_Id,int,,,1,0,1,0,1
QA_RAW_FP,LR,OLTP_CONTINUINGED,RevisionSeq,int,QA_CURATED_FP,EDIP_SB,CONTINUINGED,Revision_Seq,int,,,0,0,2,1,1
QA_RAW_FP,LR,OLTP_CONTINUINGED,EffDate,datetime,QA_CURATED_FP,EDIP_SB,CONTINUINGED,Eff_Date,datetime,,,0,0,3,1,1
QA_RAW_FP,LR,OLTP_CONTINUINGED,EndDate,datetime,QA_CURATED_FP,EDIP_SB,CONTINUINGED,End_Date,datetime,,,0,0,4,1,1
QA_RAW_FP,LR,OLTP_CONTINUINGED,CEStatus,varchar(20),QA_CURATED_FP,EDIP_SB,CONTINUINGED,CE_Status,varchar(100),,,0,0,5,1,1
QA_RAW_FP,LR,OLTP_CONTINUINGED,PrevSessionType,varchar(20),QA_CURATED_FP,EDIP_SB,CONTINUINGED,Prev_Session_Type,varchar(50),,,0,0,6,1,1
QA_RAW_FP,LR,OLTP_CONTINUINGED,PrevReqmntOpenDate,datetime,QA_CURATED_FP,EDIP_SB,CONTINUINGED,Prev_Reqmnt_Open_Date,datetime,,,0,0,7,1,1
QA_RAW_FP,LR,OLTP_CONTINUINGED,PrevReqmntCloseDate,datetime,QA_CURATED_FP,EDIP_SB,CONTINUINGED,Prev_Reqmnt_Close_Date,datetime,,,0,0,8,1,1
QA_RAW_FP,LR,OLTP_CONTINUINGED,PrevReqmntStatus,varchar(20),QA_CURATED_FP,EDIP_SB,CONTINUINGED,Prev_Reqmnt_Status,varchar(50),,,0,0,9,1,1
QA_RAW_FP,LR,OLTP_CONTINUINGED,PrevResult,varchar(20),QA_CURATED_FP,EDIP_SB,CONTINUINGED,Prev_Result,varchar(50),,,0,0,10,1,1
QA_RAW_FP,LR,OLTP_CONTINUINGED,PrevWindowBeginDate,datetime,QA_CURATED_FP,EDIP_SB,CONTINUINGED,Prev_Window_Begin_Date,datetime,,,0,0,11,1,1
QA_RAW_FP,LR,OLTP_CONTINUINGED,PrevWindowEndDate,datetime,QA_CURATED_FP,EDIP_SB,CONTINUINGED,Prev_Window_End_Date,datetime,,,0,0,12,1,1
QA_RAW_FP,LR,OLTP_CONTINUINGED,SessionType,varchar(20),QA_CURATED_FP,EDIP_SB,CONTINUINGED,Session_Type,varchar(50),,,0,0,13,1,1
QA_RAW_FP,LR,OLTP_CONTINUINGED,ReqmntOpenDate,datetime,QA_CURATED_FP,EDIP_SB,CONTINUINGED,Reqmnt_Open_Date,datetime,,,0,0,14,1,1
QA_RAW_FP,LR,OLTP_CONTINUINGED,ReqmntCloseDate,datetime,QA_CURATED_FP,EDIP_SB,CONTINUINGED,Reqmnt_Close_Date,datetime,,,0,0,15,1,1
QA_RAW_FP,LR,OLTP_CONTINUINGED,EventDate,datetime,QA_CURATED_FP,EDIP_SB,CONTINUINGED,Event_Date,datetime,,,0,0,16,1,1
QA_RAW_FP,LR,OLTP_CONTINUINGED,ReqmntStatus,varchar(20),QA_CURATED_FP,EDIP_SB,CONTINUINGED,Reqmnt_Status,varchar(50),,,0,0,17,1,1
QA_RAW_FP,LR,OLTP_CONTINUINGED,Result,varchar(20),QA_CURATED_FP,EDIP_SB,CONTINUINGED,Result,varchar(50),,,0,0,18,1,1
QA_RAW_FP,LR,OLTP_CONTINUINGED,WindowBeginDate,datetime,QA_CURATED_FP,EDIP_SB,CONTINUINGED,Window_Begin_Date,datetime,,,0,0,19,1,1
QA_RAW_FP,LR,OLTP_CONTINUINGED,WindowEndDate,datetime,QA_CURATED_FP,EDIP_SB,CONTINUINGED,Window_End_Date,datetime,,,0,0,20,1,1
QA_RAW_FP,LR,OLTP_CONTINUINGED,FutureSessionType,varchar(20),QA_CURATED_FP,EDIP_SB,CONTINUINGED,Future_Session_Type,varchar(50),,,0,0,21,1,1
QA_RAW_FP,LR,OLTP_CONTINUINGED,FutureWindowBeginDate,datetime,QA_CURATED_FP,EDIP_SB,CONTINUINGED,Future_Window_Begin_Date,datetime,,,0,0,22,1,1
QA_RAW_FP,LR,OLTP_CONTINUINGED,FutureWindowEndDate,datetime,QA_CURATED_FP,EDIP_SB,CONTINUINGED,Future_Window_End_Date,datetime,,,0,0,23,1,1
QA_RAW_FP,LR,OLTP_CONTINUINGED,UpdatedBy,varchar(32),QA_CURATED_FP,EDIP_SB,CONTINUINGED,Updated_By,varchar(50),,,0,0,24,1,1
QA_RAW_FP,LR,OLTP_CONTINUINGED,UpdateTS,datetime,QA_CURATED_FP,EDIP_SB,CONTINUINGED,Update_TS,datetime,,,0,0,25,1,1
QA_RAW_FP,LR,OLTP_CONTINUINGED,ExamStatusDate,datetime,QA_CURATED_FP,EDIP_SB,CONTINUINGED,Exam_Status_Date,datetime,,,0,0,26,1,1
QA_RAW_FP,LR,OLTP_CONTINUINGED,CompletedDate,datetime,QA_CURATED_FP,EDIP_SB,CONTINUINGED,Completed_Date,datetime,,,0,0,27,1,1
,,,,,QA_CURATED_FP,EDIP_SB,CONTINUINGED,Financial_Professional_Id,int,,,0,0,28,1,1
QA_RAW_FP,LR,OLTP_FIRMAFFILIATION,AffiliationId,int,QA_CURATED_FP,EDIP_SB,CUSTOMERAFFILIATIONS,Customer_Affiliation_Id,,,,1,,,,
QA_RAW_FP,LR,OLTP_FIRMAFFILIATION,IndividualId,int,QA_CURATED_FP,EDIP_SB,CUSTOMERAFFILIATIONS,AG_Customer_Id,,,,0,,,,
QA_RAW_FP,LR,OLTP_FIRMAFFILIATION,FirmId,int,QA_CURATED_FP,EDIP_SB,CUSTOMERAFFILIATIONS,AG_Firm_Id,,,,0,,,,
QA_RAW_FP,LR,OLTP_FIRMAFFILIATION,RevisionSeq,int,QA_CURATED_FP,EDIP_SB,CUSTOMERAFFILIATIONS,Revision_Seq,,,,0,,,,
QA_RAW_FP,LR,OLTP_FIRMAFFILIATION,EffDate,datetime,QA_CURATED_FP,EDIP_SB,CUSTOMERAFFILIATIONS,Is_Active,varchar(10),,,0,,,,
QA_RAW_FP,LR,OLTP_FIRMAFFILIATION,EndDate,datetime,QA_CURATED_FP,EDIP_SB,CUSTOMERAFFILIATIONS,,,,,0,,,,
QA_RAW_FP,LR,OLTP_FIRMAFFILIATION,Status,smallint,QA_CURATED_FP,EDIP_SB,CUSTOMERAFFILIATIONS,Affiliation_Status,smallint,,,0,,,,
QA_RAW_FP,LR,OLTP_FIRMAFFILIATION,AffiliationStartDate,datetime,QA_CURATED_FP,EDIP_SB,CUSTOMERAFFILIATIONS,Affiliation_Start_Date,datetime,,,0,,,,
QA_RAW_FP,LR,OLTP_FIRMAFFILIATION,AffiliationEndDate,datetime,QA_CURATED_FP,EDIP_SB,CUSTOMERAFFILIATIONS,Affiliation_End_Date,datetime,,,0,,,,
QA_RAW_FP,LR,OLTP_FIRMAFFILIATION,EmpContext,varchar(18),QA_CURATED_FP,EDIP_SB,CUSTOMERAFFILIATIONS,,,,,0,,,,
QA_RAW_FP,LR,OLTP_FIRMAFFILIATION,IndContractor,char(1),QA_CURATED_FP,EDIP_SB,CUSTOMERAFFILIATIONS,,,,,0,,,,
QA_RAW_FP,LR,OLTP_FIRMAFFILIATION,FromDate,varchar(7),QA_CURATED_FP,EDIP_SB,CUSTOMERAFFILIATIONS,,,,,0,,,,
QA_RAW_FP,LR,OLTP_FIRMAFFILIATION,ToDate,varchar(7),QA_CURATED_FP,EDIP_SB,CUSTOMERAFFILIATIONS,,,,,0,,,,
QA_RAW_FP,LR,OLTP_FIRMAFFILIATION,RecruiterID,int,QA_CURATED_FP,EDIP_SB,CUSTOMERAFFILIATIONS,,,,,0,,,,
QA_RAW_FP,LR,OLTP_FIRMAFFILIATION,TerminationReason,varchar(50),QA_CURATED_FP,EDIP_SB,CUSTOMERAFFILIATIONS,,,,,0,,,,
QA_RAW_FP,LR,OLTP_FIRMAFFILIATION,ApprovalDate,datetime,QA_CURATED_FP,EDIP_SB,CUSTOMERAFFILIATIONS,,,,,0,,,,
QA_RAW_FP,LR,OLTP_FIRMAFFILIATION,UpdatedBy,varchar(32),QA_CURATED_FP,EDIP_SB,CUSTOMERAFFILIATIONS,Updated_By,varchar(50),,,0,,,,
QA_RAW_FP,LR,OLTP_FIRMAFFILIATION,UpdateTS,datetime,QA_CURATED_FP,EDIP_SB,CUSTOMERAFFILIATIONS,Update_TS,datetime,,,0,,,,
QA_RAW_FP,LR,OLTP_FIRMAFFILIATION,IA_Type,char(1),QA_CURATED_FP,EDIP_SB,CUSTOMERAFFILIATIONS,,,,,0,,,,
QA_RAW_FP,LR,OLTP_FIRMAFFILIATION,BusinessType,varchar(20),QA_CURATED_FP,EDIP_SB,CUSTOMERAFFILIATIONS,,,,,0,,,,
QA_RAW_FP,LR,OLTP_FIRMAFFILIATION,InternalStatus,tinyint,QA_CURATED_FP,EDIP_SB,CUSTOMERAFFILIATIONS,,,,,0,,,,
QA_RAW_FP,LR,OLTP_FIRMAFFILIATION,FinraFlag,char(1),QA_CURATED_FP,EDIP_SB,CUSTOMERAFFILIATIONS,,,,,0,,,,
QA_RAW_FP,LR,OLTP_FIRMAFFILIATION,IAException,char(1),QA_CURATED_FP,EDIP_SB,CUSTOMERAFFILIATIONS,,,,,0,,,,
QA_RAW_FP,LR,OLTP_FIRMAFFILIATION,AffiliationType,varchar(10),QA_CURATED_FP,EDIP_SB,CUSTOMERAFFILIATIONS,Affiliation_Type,,,,0,,,,
QA_RAW_FP,LR,OLTP_FIRMAFFILIATION,OnlineRegistrationID,int,QA_CURATED_FP,EDIP_SB,CUSTOMERAFFILIATIONS,,,,,0,,,,
QA_RAW_FP,LR,OLTP_FIRMAFFILIATION,IsBusinessSupervisor,varchar(1),QA_CURATED_FP,EDIP_SB,CUSTOMERAFFILIATIONS,,,,,0,,,,
QA_RAW_FP,LR,OLTP_FIRMAFFILIATION,RVPId,int,QA_CURATED_FP,EDIP_SB,CUSTOMERAFFILIATIONS,,,,,0,,,,
QA_RAW_FP,LR,OLTP_FIRMAFFILIATION,RVPOverride,char(1),QA_CURATED_FP,EDIP_SB,CUSTOMERAFFILIATIONS,,,,,0,,,,
QA_RAW_FP,LR,OLTP_FIRMAFFILIATION,ClearingType,int,QA_CURATED_FP,EDIP_SB,CUSTOMERAFFILIATIONS,Customer_Affiliation_Id,int,,,0,,,,
QA_RAW_FP,LR,OLTP_EMPLOYMENTLOCATION,AffiliationId,int,QA_CURATED_FP,EDIP_SB,CUSTOMERAFFILIATIONS,Customer_Affiliation_Id,int,,,1,,,,
QA_RAW_FP,LR,OLTP_JOINTREPMEMBER,JointRepMemberId,int,QA_CURATED_FP,EDIP_SB,CUSTOMERAFFILIATIONS,,,,,,,,,
QA_RAW_FP,LR,OLTP_INDIVIDUAL,IndividualId,int,QA_CURATED_FP,EDIP_SB,FINANCIALPROFESSIONAL,Financial_Professional_Id,int,,,1,,,,
,,,,,QA_CURATED_FP,EDIP_SB,FINANCIALPROFESSIONAL,Contact_Party_Id,int,,,,1,,,
,,,,,QA_CURATED_FP,EDIP_SB,FINANCIALPROFESSIONAL,AG_Customer_Id,int,,,,1,,,
,,,,,QA_CURATED_FP,EDIP_SB,FINANCIALPROFESSIONAL,AG_Firm_Id,int,,,,1,,,
QA_RAW_FP,LR,OLTP_INDIVIDUAL,RevisionSeq,int,QA_CURATED_FP,EDIP_SB,FINANCIALPROFESSIONAL,Revision_Seq,int,,,0,,,,
QA_RAW_FP,LR,OLTP_INDIVIDUAL,EffDate,datetime,QA_CURATED_FP,EDIP_SB,FINANCIALPROFESSIONAL,Is_Active,varchar(10),,"If EffDate >= sysdate: Is_Active = YES
If EffDate <  sysdate: Is_Active = NO",0,,,,
QA_RAW_FP,LR,OLTP_INDIVIDUAL,EndDate,datetime,QA_CURATED_FP,EDIP_SB,FINANCIALPROFESSIONAL,Eff_End_Date,datetime,,,0,,,,
QA_RAW_FP,LR,OLTP_INDIVIDUAL,Salutation,varchar(50),QA_CURATED_FP,EDIP_SB,FINANCIALPROFESSIONAL,Salutation,varchar(50),,,0,,,,
QA_RAW_FP,LR,OLTP_INDIVIDUAL,FirstName,varchar(50),QA_CURATED_FP,EDIP_SB,FINANCIALPROFESSIONAL,First_Name,varchar(50),,,0,,,,
QA_RAW_FP,LR,OLTP_INDIVIDUAL,MiddleName,varchar(50),QA_CURATED_FP,EDIP_SB,FINANCIALPROFESSIONAL,Middle_Name,varchar(50),,,0,,,,
QA_RAW_FP,LR,OLTP_INDIVIDUAL,LastName,varchar(50),QA_CURATED_FP,EDIP_SB,FINANCIALPROFESSIONAL,Last_Name,varchar(50),,,0,,,,
QA_RAW_FP,LR,OLTP_INDIVIDUAL,PreferredName,varchar(50),QA_CURATED_FP,EDIP_SB,FINANCIALPROFESSIONAL,Preferred_Name,varchar(50),,,0,,,,
QA_RAW_FP,LR,OLTP_INDIVIDUAL,Suffix,varchar(50),QA_CURATED_FP,EDIP_SB,FINANCIALPROFESSIONAL,Suffix,varchar(50),,,0,,,,
QA_RAW_FP,LR,OLTP_INDIVIDUAL,SSN,varchar(11),QA_CURATED_FP,EDIP_SB,FINANCIALPROFESSIONAL,SSN,varchar(11),,,0,,,,
QA_RAW_FP,LR,OLTP_INDIVIDUAL,CRDNumber,varchar(11),QA_CURATED_FP,EDIP_SB,FINANCIALPROFESSIONAL,CRD_Number,varchar(11),,,0,,,,
QA_RAW_FP,LR,OLTP_INDIVIDUAL,USCitizen,char(1),QA_CURATED_FP,EDIP_SB,FINANCIALPROFESSIONAL,US_Citizen,char(1),,,0,,,,
QA_RAW_FP,LR,OLTP_INDIVIDUAL,BirthDate,datetime,QA_CURATED_FP,EDIP_SB,FINANCIALPROFESSIONAL,Birth_Date,datetime,,,0,,,,
QA_RAW_FP,LR,OLTP_INDIVIDUAL,BirthCity,varchar(32),QA_CURATED_FP,EDIP_SB,FINANCIALPROFESSIONAL,Birth_City,varchar(32),,,0,,,,
QA_RAW_FP,LR,OLTP_INDIVIDUAL,BirthState,varchar(40),QA_CURATED_FP,EDIP_SB,FINANCIALPROFESSIONAL,Birth_State,varchar(40),,,0,,,,
QA_RAW_FP,LR,OLTP_INDIVIDUAL,BirthCountry,varchar(50),QA_CURATED_FP,EDIP_SB,FINANCIALPROFESSIONAL,Birth_Country,varchar(50),,,0,,,,
QA_RAW_FP,LR,OLTP_INDIVIDUAL,Gender,char(1),QA_CURATED_FP,EDIP_SB,FINANCIALPROFESSIONAL,Gender,char(1),,,0,,,,
QA_RAW_FP,LR,OLTP_INDIVIDUAL,EyeColor,varchar(16),QA_CURATED_FP,EDIP_SB,FINANCIALPROFESSIONAL,Eye_Color,varchar(16),,,0,,,,
QA_RAW_FP,LR,OLTP_INDIVIDUAL,HairColor,varchar(16),QA_CURATED_FP,EDIP_SB,FINANCIALPROFESSIONAL,Hair_Color,varchar(16),,,0,,,,
QA_RAW_FP,LR,OLTP_INDIVIDUAL,HeightFeet,varchar(2),QA_CURATED_FP,EDIP_SB,FINANCIALPROFESSIONAL,Height_Feet,varchar(2),,,0,,,,
QA_RAW_FP,LR,OLTP_INDIVIDUAL,HeightInches,varchar(2),QA_CURATED_FP,EDIP_SB,FINANCIALPROFESSIONAL,Height_Inches,varchar(2),,,0,,,,
QA_RAW_FP,LR,OLTP_INDIVIDUAL,Weight,varchar(3),QA_CURATED_FP,EDIP_SB,FINANCIALPROFESSIONAL,Weight,varchar(3),,,0,,,,
QA_RAW_FP,LR,OLTP_INDIVIDUAL,UpdatedBy,varchar(32),QA_CURATED_FP,EDIP_SB,FINANCIALPROFESSIONAL,Updated_By,datetime,,,0,,,,
QA_RAW_FP,LR,OLTP_INDIVIDUAL,UpdateTS,datetime,QA_CURATED_FP,EDIP_SB,FINANCIALPROFESSIONAL,Update_TS,char(1),(getdate()),,0,,,,
QA_RAW_FP,LR,OLTP_INDIVIDUAL,FinraFlag,char(1),QA_CURATED_FP,EDIP_SB,FINANCIALPROFESSIONAL,Is_FINRA_Registered,varchar(50),,,0,,,,
QA_RAW_FP,LR,OLTP_INDIVIDUAL,NickName,varchar(50),QA_CURATED_FP,EDIP_SB,FINANCIALPROFESSIONAL,Nick_Name,varchar(8000),,,0,,,,
QA_RAW_FP,LR,OLTP_INDIVIDUAL,OtherBuss,varchar(8000),QA_CURATED_FP,EDIP_SB,FINANCIALPROFESSIONAL,OtherBuss,,,,0,,,,
,,,,,QA_CURATED_FP,EDIP_SB,FINANCIALPROFESSIONAL,Domain_Key,,,,0,,,,
,,,,,QA_CURATED_FP,EDIP_SB,FINANCIALPROFESSIONAL,Professional_Category,,,,0,,,,
,,,,,QA_CURATED_FP,EDIP_SB,FINANCIALPROFESSIONAL,Professional_Type,,,,0,,,,
,,,,,QA_CURATED_FP,EDIP_SB,FINANCIALPROFESSIONAL,Primary_AG_Customer_Id,,,,0,,,,
,,,,,QA_CURATED_FP,EDIP_SB,FINANCIALPROFESSIONAL,Is_SEC_Registered,,,,0,,,,
,,,,,QA_CURATED_FP,EDIP_SB,FINANCIALPROFESSIONAL,Create_TS,datetime,(getdate()),,0,,,,
,,,,,QA_CURATED_FP,EDIP_SB,FINANCIALPROFESSIONAL,Created_By,,,,0,,,,
,,,,,QA_CURATED_FP,EDIP_SB,FINANCIALPROFESSIONAL,Replication_TS,datetime,(getdate()),,0,,,,
QA_RAW_FP,LR,OLTP_INDIVIDUALCONTACT,IndividualId,int,QA_CURATED_FP,EDIP_SB,CONTACTINFORMATION,Contact_Id,int,,,1,,,,
QA_RAW_FP,LR,OLTP_INDIVIDUALCONTACT,RevisionSeq,int,QA_CURATED_FP,EDIP_SB,CONTACTINFORMATION,Revision_Seq,int,,,,,,,
QA_RAW_FP,LR,OLTP_INDIVIDUALCONTACT,EffDate,datetime,QA_CURATED_FP,EDIP_SB,CONTACTINFORMATION,Is_Active,varchar(10),,,,,,,
QA_RAW_FP,LR,OLTP_INDIVIDUALCONTACT,EndDate,datetime,QA_CURATED_FP,EDIP_SB,CONTACTINFORMATION,Eff_End_Date,datetime,,,,,,,
QA_RAW_FP,LR,OLTP_INDIVIDUALCONTACT,Email,varchar(50),QA_CURATED_FP,EDIP_SB,CONTACTINFORMATION,Email,varchar(50),,,,,,,
QA_RAW_FP,LR,OLTP_INDIVIDUALCONTACT,Fax#,varchar(10),QA_CURATED_FP,EDIP_SB,CONTACTINFORMATION,Fax#,varchar(10),,,,,,,
QA_RAW_FP,LR,OLTP_INDIVIDUALCONTACT,CellPhone,varchar(10),QA_CURATED_FP,EDIP_SB,CONTACTINFORMATION,CellPhone,varchar(10),,,,,,,
QA_RAW_FP,LR,OLTP_INDIVIDUALCONTACT,ContactPhone,varchar(10),QA_CURATED_FP,EDIP_SB,CONTACTINFORMATION,ContactPhone,varchar(10),,,,,,,
QA_RAW_FP,LR,OLTP_INDIVIDUALCONTACT,Fax2#,varchar(10),QA_CURATED_FP,EDIP_SB,CONTACTINFORMATION,Fax2#,varchar(10),,,,,,,
QA_RAW_FP,LR,OLTP_INDIVIDUALCONTACT,EMail2,varchar(50),QA_CURATED_FP,EDIP_SB,CONTACTINFORMATION,EMail2,varchar(50),,,,,,,
QA_RAW_FP,LR,OLTP_INDIVIDUALCONTACT,UpdatedBy,varchar(32),QA_CURATED_FP,EDIP_SB,CONTACTINFORMATION,Updated_By,varchar(50),,,,,,,
QA_RAW_FP,LR,OLTP_INDIVIDUALCONTACT,UpdateTS,datetime,QA_CURATED_FP,EDIP_SB,CONTACTINFORMATION,Update_TS,datetime,,,,,,,
QA_RAW_FP,LR,OLTP_INDIVIDUALCONTACT,HomePhone,varchar(10),QA_CURATED_FP,EDIP_SB,CONTACTINFORMATION,HomePhone,varchar(10),,,,,,,
QA_RAW_FP,LR,OLTP_INDIVIDUALCONTACT,TempEmail,varchar(50),QA_CURATED_FP,EDIP_SB,CONTACTINFORMATION,TempEmail,varchar(50),,,,,,,
,,,,,QA_CURATED_FP,EDIP_SB,CONTACTINFORMATION,Contact_Type,varchar(10),,,,,,,
,,,,,QA_CURATED_FP,EDIP_SB,CONTACTINFORMATION,Contact_Detail,varchar(50),,,,,,,
,,,,,QA_CURATED_FP,EDIP_SB,CONTACTINFORMATION,Create_TS,datetime,(getdate()),,,,,,
,,,,,QA_CURATED_FP,EDIP_SB,CONTACTINFORMATION,Created_By,varchar(50),,,,,,,
,,,,,QA_CURATED_FP,EDIP_SB,CONTACTINFORMATION,Replication_TS,datetime,(getdate()),,,,,,
QA_RAW_FP,LR,OLTP_INDIVIDUAL,IndividualId,int,QA_CURATED_FP,EDIP_SB,CONTACTPARTY,Contact_Party_Id,int,,,,1,,,
QA_RAW_FP,LR,OLTP_INDIVIDUALADDRESS,IndividualId,int,QA_CURATED_FP,EDIP_SB,CONTACTPARTY,Contact_Party_Id,int,,,,1,,,
QA_RAW_FP,LR,OLTP_EMPLOYMENTLOCATION,IndividualId,int,QA_CURATED_FP,EDIP_SB,CONTACTPARTY,Contact_Party_Id,int,,,,1,,,
QA_RAW_FP,LR,OLTP_INDIVIDUALADDRESS,IndividualAddressId,int,QA_CURATED_FP,EDIP_SB,CONTACTADDRESS,Address_Id,int,,,1,,,,
QA_RAW_FP,LR,OLTP_INDIVIDUALADDRESS,AddressType,int,QA_CURATED_FP,EDIP_SB,CONTACTADDRESS,Address_Type,varchar(10),,,,,,,
QA_RAW_FP,LR,OLTP_INDIVIDUALADDRESS,RevisionSeq,int,QA_CURATED_FP,EDIP_SB,CONTACTADDRESS,Revision_Seq,int,,,,,,,
QA_RAW_FP,LR,OLTP_INDIVIDUALADDRESS,EffDate,datetime,QA_CURATED_FP,EDIP_SB,CONTACTADDRESS,Is_Active,varchar(10),,,,,,,
QA_RAW_FP,LR,OLTP_INDIVIDUALADDRESS,EndDate,datetime,QA_CURATED_FP,EDIP_SB,CONTACTADDRESS,Eff_End_Date,datetime,,,,,,,
QA_RAW_FP,LR,OLTP_INDIVIDUALADDRESS,Street1,varchar(50),QA_CURATED_FP,EDIP_SB,CONTACTADDRESS,Address_Line1,varchar(50),,,,,,,
QA_RAW_FP,LR,OLTP_INDIVIDUALADDRESS,Street2,varchar(50),QA_CURATED_FP,EDIP_SB,CONTACTADDRESS,Address_Line2,varchar(50),,,,,,,
QA_RAW_FP,LR,OLTP_INDIVIDUALADDRESS,Street3,varchar(50),QA_CURATED_FP,EDIP_SB,CONTACTADDRESS,Address_Line3,varchar(50),,,,,,,
QA_RAW_FP,LR,OLTP_INDIVIDUALADDRESS,City,varchar(50),QA_CURATED_FP,EDIP_SB,CONTACTADDRESS,City,varchar(50),,,,,,,
QA_RAW_FP,LR,OLTP_INDIVIDUALADDRESS,State,varchar(2),QA_CURATED_FP,EDIP_SB,CONTACTADDRESS,State_Code,varchar(10),,,,,,,
QA_RAW_FP,LR,OLTP_INDIVIDUALADDRESS,Country,varchar(50),QA_CURATED_FP,EDIP_SB,CONTACTADDRESS,Country_Code,varchar(100),,,,,,,
QA_RAW_FP,LR,OLTP_INDIVIDUALADDRESS,PostalCode,varchar(11),QA_CURATED_FP,EDIP_SB,CONTACTADDRESS,Zip,varchar(50),,,,,,,
QA_RAW_FP,LR,OLTP_INDIVIDUALADDRESS,UpdatedBy,varchar(32),QA_CURATED_FP,EDIP_SB,CONTACTADDRESS,Updated_By,varchar(50),,,,,,,
QA_RAW_FP,LR,OLTP_INDIVIDUALADDRESS,UpdateTS,datetime,QA_CURATED_FP,EDIP_SB,CONTACTADDRESS,Update_TS,datetime,,,,,,,
QA_RAW_FP,LR,OLTP_INDIVIDUALADDRESS,,,QA_CURATED_FP,EDIP_SB,CONTACTADDRESS,Create_TS,datetime,,,,,,,
QA_RAW_FP,LR,OLTP_INDIVIDUALADDRESS,,,QA_CURATED_FP,EDIP_SB,CONTACTADDRESS,Created_By,varchar(50),,,,,,,
QA_RAW_FP,LR,OLTP_INDIVIDUALADDRESS,,,QA_CURATED_FP,EDIP_SB,CONTACTADDRESS,Replication_TS,datetime,,,,,,,
QA_RAW_FP,LR,OLTP_EMPLOYMENTLOCATION,RevisionSeq,int,QA_CURATED_FP,EDIP_SB,CONTACTADDRESS,Revision_Seq,int,,,,,,,
QA_RAW_FP,LR,OLTP_EMPLOYMENTLOCATION,EffDate,datetime,QA_CURATED_FP,EDIP_SB,CONTACTADDRESS,Is_Active,varchar(10),,"If EffDate >= sysdate: Is_Active = YES
If EffDate <  sysdate: Is_Active = NO",,,,,
QA_RAW_FP,LR,OLTP_EMPLOYMENTLOCATION,EndDate,datetime,QA_CURATED_FP,EDIP_SB,CONTACTADDRESS,Eff_End_Date,datetime,,,,,,,
QA_RAW_FP,LR,OLTP_EMPLOYMENTLOCATION,PrivateResidence,char(1),QA_CURATED_FP,EDIP_SB,CONTACTADDRESS,,,,,,,,,
QA_RAW_FP,LR,OLTP_EMPLOYMENTLOCATION,Street1,varchar(50),QA_CURATED_FP,EDIP_SB,CONTACTADDRESS,Address_Line1,varchar(50),,,,,,,
QA_RAW_FP,LR,OLTP_EMPLOYMENTLOCATION,Street2,varchar(50),QA_CURATED_FP,EDIP_SB,CONTACTADDRESS,Address_Line2,varchar(50),,,,,,,
QA_RAW_FP,LR,OLTP_EMPLOYMENTLOCATION,City,varchar(50),QA_CURATED_FP,EDIP_SB,CONTACTADDRESS,City,varchar(50),,,,,,,
QA_RAW_FP,LR,OLTP_EMPLOYMENTLOCATION,State,varchar(2),QA_CURATED_FP,EDIP_SB,CONTACTADDRESS,State_Code,varchar(10),,,,,,,
QA_RAW_FP,LR,OLTP_EMPLOYMENTLOCATION,Country,varchar(50),QA_CURATED_FP,EDIP_SB,CONTACTADDRESS,Country_Code,varchar(100),,,,,,,
QA_RAW_FP,LR,OLTP_EMPLOYMENTLOCATION,PostalCode,varchar(11),QA_CURATED_FP,EDIP_SB,CONTACTADDRESS,Zip,varchar(50),,,,,,,
QA_RAW_FP,LR,OLTP_EMPLOYMENTLOCATION,UpdatedBy,varchar(32),QA_CURATED_FP,EDIP_SB,CONTACTADDRESS,Updated_By,varchar(50),,,,,,,
QA_RAW_FP,LR,OLTP_EMPLOYMENTLOCATION,UpdateTS,datetime,QA_CURATED_FP,EDIP_SB,CONTACTADDRESS,Update_TS,datetime,(getdate()),,,,,,
,,,,,QA_CURATED_FP,EDIP_SB,CONTACTADDRESS,Address_Type,varchar(10),,,,,,,
QA_RAW_FP,LR,OLTP_REGISTRATION,RegistrationId,int,QA_CURATED_FP,EDIP_SB,REGISTRATIONLICENSE,Registration_Id,int,,,1,,,,
QA_RAW_FP,LR,OLTP_REGISTRATION,AffiliationId,int,QA_CURATED_FP,EDIP_SB,REGISTRATIONLICENSE,,,,,,,,,
QA_RAW_FP,LR,OLTP_REGISTRATION,IndividualId,int,QA_CURATED_FP,EDIP_SB,REGISTRATIONLICENSE,,,,,,,,,
QA_RAW_FP,LR,OLTP_REGISTRATION,FirmId,int,QA_CURATED_FP,EDIP_SB,REGISTRATIONLICENSE,,,,,,,,,
QA_RAW_FP,LR,OLTP_REGISTRATION,RevisionSeq,int,QA_CURATED_FP,EDIP_SB,REGISTRATIONLICENSE,Revision_Seq,int,,,,,,,
QA_RAW_FP,LR,OLTP_REGISTRATION,EffDate,datetime,QA_CURATED_FP,EDIP_SB,REGISTRATIONLICENSE,Eff_Date,datetime,,,,,,,
QA_RAW_FP,LR,OLTP_REGISTRATION,EndDate,datetime,QA_CURATED_FP,EDIP_SB,REGISTRATIONLICENSE,End_Date,datetime,,,,,,,
QA_RAW_FP,LR,OLTP_REGISTRATION,Authority,varchar(20),QA_CURATED_FP,EDIP_SB,REGISTRATIONLICENSE,Granting_Authority,varchar(50),,,,,,,
QA_RAW_FP,LR,OLTP_REGISTRATION,Category,varchar(16),QA_CURATED_FP,EDIP_SB,REGISTRATIONLICENSE,Category,varchar(50),,,,,,,
QA_RAW_FP,LR,OLTP_REGISTRATION,U4FilingDate,datetime,QA_CURATED_FP,EDIP_SB,REGISTRATIONLICENSE,U4_Filing_Date,datetime,,,,,,,
QA_RAW_FP,LR,OLTP_REGISTRATION,U5FilingDate,datetime,QA_CURATED_FP,EDIP_SB,REGISTRATIONLICENSE,U5_Filing_Date,datetime,,,,,,,
QA_RAW_FP,LR,OLTP_REGISTRATION,Status,varchar(16),QA_CURATED_FP,EDIP_SB,REGISTRATIONLICENSE,License_Status,varchar(50),,,,,,,
QA_RAW_FP,LR,OLTP_REGISTRATION,Active,char(1),QA_CURATED_FP,EDIP_SB,REGISTRATIONLICENSE,IsActive,varchar(10),,,,,,,
QA_RAW_FP,LR,OLTP_REGISTRATION,ApprovalDate,datetime,QA_CURATED_FP,EDIP_SB,REGISTRATIONLICENSE,Approved_Date,datetime,,,,,,,
QA_RAW_FP,LR,OLTP_REGISTRATION,UpdatedBy,varchar(32),QA_CURATED_FP,EDIP_SB,REGISTRATIONLICENSE,Updated_By,varchar(50),,,,,,,
QA_RAW_FP,LR,OLTP_REGISTRATION,UpdateTS,datetime,QA_CURATED_FP,EDIP_SB,REGISTRATIONLICENSE,Update_TS,datetime,(getdate()),,,,,,
QA_RAW_FP,LR,OLTP_REGISTRATION,FinraFlag,char(1),QA_CURATED_FP,EDIP_SB,REGISTRATIONLICENSE,,,,,,,,,
QA_RAW_FP,LR,OLTP_REGISTRATION,StatusDate,datetime,QA_CURATED_FP,EDIP_SB,REGISTRATIONLICENSE,,,,,,,,,
,,,,,QA_CURATED_FP,EDIP_SB,REGISTRATIONLICENSE,Replication_TS,datetime,,,,,,,
,,,,,QA_CURATED_FP,EDIP_SB,REGISTRATIONLICENSE,Affiliation_Type,varchar(100),,,,,,,
,,,,,QA_CURATED_FP,EDIP_SB,REGISTRATIONLICENSE,Financial_Professional_Id,int,,,,,,,
QA_RAW_FP,LR,OLTP_REPCODE,RepCodeId,int,QA_CURATED_FP,EDIP_SB,REPNUMBER,Rep_Number_Id,int,,,1,,,,
QA_RAW_FP,LR,OLTP_REPCODE,AffiliationId,int,QA_CURATED_FP,EDIP_SB,REPNUMBER,Affiliation_Id,int,,,,,,,
QA_RAW_FP,LR,OLTP_REPCODE,IndividualId,int,QA_CURATED_FP,EDIP_SB,REPNUMBER,Individual_Id,int,,,,,,,
QA_RAW_FP,LR,OLTP_REPCODE,FirmId,int,QA_CURATED_FP,EDIP_SB,REPNUMBER,AG_Firm_Id,int,,,,,,,
QA_RAW_FP,LR,OLTP_REPCODE,RevisionSeq,int,QA_CURATED_FP,EDIP_SB,REPNUMBER,Revision_Seq,int,,,,,,,
QA_RAW_FP,LR,OLTP_REPCODE,EffDate,datetime,QA_CURATED_FP,EDIP_SB,REPNUMBER,Is_Active,datetime,,,,,,,
QA_RAW_FP,LR,OLTP_REPCODE,EndDate,datetime,QA_CURATED_FP,EDIP_SB,REPNUMBER,Eff_End_Date,datetime,,,,,,,
QA_RAW_FP,LR,OLTP_REPCODE,RepCode,char(3),QA_CURATED_FP,EDIP_SB,REPNUMBER,AG_Rep_Number,char(3),,,,,,,
QA_RAW_FP,LR,OLTP_REPCODE,Status,smallint,QA_CURATED_FP,EDIP_SB,REPNUMBER,Rep_Number_Status,smallint,,,,,,,
QA_RAW_FP,LR,OLTP_REPCODE,UpdatedBy,varchar(32),QA_CURATED_FP,EDIP_SB,REPNUMBER,Updated_By,varchar(50),,,,,,,
QA_RAW_FP,LR,OLTP_REPCODE,UpdateTS,datetime,QA_CURATED_FP,EDIP_SB,REPNUMBER,Update_TS,datetime,,,,,,,
QA_RAW_FP,LR,OLTP_REPCODE,EmployeeType,varchar(50),QA_CURATED_FP,EDIP_SB,REPNUMBER,Employee_Type,varchar(50),,,,,,,
QA_RAW_FP,LR,OLTP_REPCODE,Description,varchar(100),QA_CURATED_FP,EDIP_SB,REPNUMBER,Description,varchar(100),,,,,,,
QA_RAW_FP,LR,OLTP_REPCODE,DateIssued,datetime,QA_CURATED_FP,EDIP_SB,REPNUMBER,Date_Issued,datetime,,,,,,,
QA_RAW_FP,LR,OLTP_REPCODE,ApprovalDate,datetime,QA_CURATED_FP,EDIP_SB,REPNUMBER,Approval_Date,datetime,,,,,,,
QA_RAW_FP,LR,OLTP_REPCODE,TerminationDate,datetime,QA_CURATED_FP,EDIP_SB,REPNUMBER,Termination_Date,datetime,,,,,,,
QA_RAW_FP,LR,OLTP_REPCODE,MRIndivId,int,QA_CURATED_FP,EDIP_SB,REPNUMBER,MR_Indiv_Id,int,,,,,,,
QA_RAW_FP,LR,OLTP_REPCODE,MROverride,varchar(1),QA_CURATED_FP,EDIP_SB,REPNUMBER,MR_Override,varchar(1),,,,,,,
QA_RAW_FP,LR,OLTP_REPCODE,,,QA_CURATED_FP,EDIP_SB,REPNUMBER,Primary_AG_Customer_Id,,,,,,,,
QA_RAW_FP,LR,OLTP_REPCODE,,,QA_CURATED_FP,EDIP_SB,REPNUMBER,Rep_Number_Type,,,,,,,,
QA_RAW_FP,LR,OLTP_REPCODE,,,QA_CURATED_FP,EDIP_SB,REPNUMBER,Create_TS,datetime,,,,,,,
QA_RAW_FP,LR,OLTP_REPCODE,,,QA_CURATED_FP,EDIP_SB,REPNUMBER,Created_By,varchar(50),,,,,,,
QA_RAW_FP,LR,OLTP_REPCODE,,,QA_CURATED_FP,EDIP_SB,REPNUMBER,Replication_TS,datetime,,,,,,,
QA_RAW_FP,LR,OLTP_JOINTREPMEMBER,JointRepMemberId,int,QA_CURATED_FP,EDIP_SB,REPNUMBERRELATION,Rep_Number_Relation_Id,int,,,1,,,,
QA_RAW_FP,LR,OLTP_JOINTREPMEMBER,JointRepId,int,QA_CURATED_FP,EDIP_SB,REPNUMBERRELATION,Rep_Number_Id,int,,,,,,,
QA_RAW_FP,LR,OLTP_JOINTREPMEMBER,IndividualId,int,QA_CURATED_FP,EDIP_SB,REPNUMBERRELATION,AG_Customer_Id,int,,,,,,,
QA_RAW_FP,LR,OLTP_JOINTREPMEMBER,PrimaryRepFlag,char(1),QA_CURATED_FP,EDIP_SB,REPNUMBERRELATION,Is_Primary,char(1),,,,,,,
QA_RAW_FP,LR,OLTP_JOINTREPMEMBER,EffDate,datetime,QA_CURATED_FP,EDIP_SB,REPNUMBERRELATION,Eff_Date,datetime,,,,,,,
QA_RAW_FP,LR,OLTP_JOINTREPMEMBER,EndDate,datetime,QA_CURATED_FP,EDIP_SB,REPNUMBERRELATION,Eff_End_Date,datetime,,,,,,,
QA_RAW_FP,LR,OLTP_JOINTREPMEMBER,Status,smallint,QA_CURATED_FP,EDIP_SB,REPNUMBERRELATION,Relation_Status,smallint,,,,,,,
QA_RAW_FP,LR,OLTP_JOINTREPMEMBER,UpdatedBy,varchar(32),QA_CURATED_FP,EDIP_SB,REPNUMBERRELATION,Updated_By,varchar(50),,,,,,,
QA_RAW_FP,LR,OLTP_JOINTREPMEMBER,UpdateTS,datetime,QA_CURATED_FP,EDIP_SB,REPNUMBERRELATION,Update_TS,datetime,,,,,,,
QA_RAW_FP,LR,OLTP_JOINTREPMEMBER,RevisionSeq,int,QA_CURATED_FP,EDIP_SB,REPNUMBERRELATION,Revision_Seq,int,,,,,,,
QA_RAW_FP,LR,OLTP_JOINTREPMEMBER,PercentSplit,"decimal(10, 2)",QA_CURATED_FP,EDIP_SB,REPNUMBERRELATION,Percent_Split,"decimal(10, 2)",,,,,,,
QA_RAW_FP,LR,OLTP_JOINTREPMEMBER,ApprovalDate,datetime,QA_CURATED_FP,EDIP_SB,REPNUMBERRELATION,Approval_Date,datetime,,,,,,,
QA_RAW_FP,LR,OLTP_JOINTREPMEMBER,TerminationDate,datetime,QA_CURATED_FP,EDIP_SB,REPNUMBERRELATION,Termination_Date,datetime,,,,,,,
QA_RAW_FP,LR,OLTP_JOINTREPMEMBER,RepCodeId,int,QA_CURATED_FP,EDIP_SB,REPNUMBERRELATION,Rep_Code_Id,int,,,,,,,
QA_RAW_FP,LR,OLTP_JOINTREPMEMBER,FinancialInstitutionId,int,QA_CURATED_FP,EDIP_SB,REPNUMBERRELATION,Financial_Institution_Id,int,,,,,,,
QA_RAW_FP,LR,OLTP_JOINTREPMEMBER,HouseAccountId,int,QA_CURATED_FP,EDIP_SB,REPNUMBERRELATION,House_Account_Id,int,,,,,,,
QA_RAW_FP,LR,OLTP_JOINTREPMEMBER,RemoveMbr,varchar(1),QA_CURATED_FP,EDIP_SB,REPNUMBERRELATION,Remove_Mbr,varchar(1),,,,,,,
,,,,,QA_CURATED_FP,EDIP_SB,REPNUMBERRELATION,AG_Rep_Number,,,,,,,,
,,,,,QA_CURATED_FP,EDIP_SB,REPNUMBERRELATION,Relation_Type,,,,,,,,
,,,,,QA_CURATED_FP,EDIP_SB,REPNUMBERRELATION,Create_TS,datetime,,,,,,,
,,,,,QA_CURATED_FP,EDIP_SB,REPNUMBERRELATION,Created_By,varchar(50),,,,,,,
,,,,,QA_CURATED_FP,EDIP_SB,REPNUMBERRELATION,Replication_TS,datetime,,,,,,,
QA_RAW_FP,LR,OLTP_JOINTREP,JointRepId,int,QA_CURATED_FP,EDIP_SB,REPNUMBER2,Rep_Number_Id,int,,,1,,,,
QA_RAW_FP,LR,OLTP_JOINTREP,JointRepCode,varchar(3),QA_CURATED_FP,EDIP_SB,REPNUMBER2,AG_Rep_Number,varchar(3),,,,,,,
QA_RAW_FP,LR,OLTP_JOINTREP,FirmID,int,QA_CURATED_FP,EDIP_SB,REPNUMBER2,AG_Firm_Id,int,,,,,,,
QA_RAW_FP,LR,OLTP_JOINTREP,JointRepName,varchar(50),QA_CURATED_FP,EDIP_SB,REPNUMBER2,Joint_Rep_Name,varchar(50),,,,,,,
QA_RAW_FP,LR,OLTP_JOINTREP,EffDate,datetime,QA_CURATED_FP,EDIP_SB,REPNUMBER2,Is_Active,datetime,,,,,,,
QA_RAW_FP,LR,OLTP_JOINTREP,EndDate,datetime,QA_CURATED_FP,EDIP_SB,REPNUMBER2,Eff_End_Date,datetime,,,,,,,
QA_RAW_FP,LR,OLTP_JOINTREP,Status,smallint,QA_CURATED_FP,EDIP_SB,REPNUMBER2,Rep_Number_Status,smallint,,,,,,,
QA_RAW_FP,LR,OLTP_JOINTREP,RevisionSeq,int,QA_CURATED_FP,EDIP_SB,REPNUMBER2,Revision_Seq,int,,,,,,,
QA_RAW_FP,LR,OLTP_JOINTREP,UpdatedBy,varchar(32),QA_CURATED_FP,EDIP_SB,REPNUMBER2,Updated_By,varchar(50),,,,,,,
QA_RAW_FP,LR,OLTP_JOINTREP,UpdateTS,datetime,QA_CURATED_FP,EDIP_SB,REPNUMBER2,Update_TS,datetime,,,,,,,
QA_RAW_FP,LR,OLTP_JOINTREP,ApprovalDate,datetime,QA_CURATED_FP,EDIP_SB,REPNUMBER2,Approval_Date,datetime,,,,,,,
QA_RAW_FP,LR,OLTP_JOINTREP,TerminationDate,datetime,QA_CURATED_FP,EDIP_SB,REPNUMBER2,Termination_Date,datetime,,,,,,,
QA_RAW_FP,LR,OLTP_JOINTREP,JointType,char(1),QA_CURATED_FP,EDIP_SB,REPNUMBER2,Joint_Type,char(1),,,,,,,
QA_RAW_FP,LR,OLTP_BRANCH,BranchId,int,QA_CURATED_FP,EDIP_SB,BRANCH,Branch_Id,int,,,1,,,,
QA_RAW_FP,LR,OLTP_BRANCH,FirmId,int,QA_CURATED_FP,EDIP_SB,BRANCH,AG_Firm_Id,int,,,,,,,
QA_RAW_FP,LR,OLTP_BRANCH,RevisionSeq,int,QA_CURATED_FP,EDIP_SB,BRANCH,Revision_Seq,int,,,,,,,
QA_RAW_FP,LR,OLTP_BRANCH,EffDate,datetime,QA_CURATED_FP,EDIP_SB,BRANCH,Eff_Date,datetime,,,,,,,
QA_RAW_FP,LR,OLTP_BRANCH,EndDate,datetime,QA_CURATED_FP,EDIP_SB,BRANCH,Eff_End_Date,datetime,,,,,,,
QA_RAW_FP,LR,OLTP_BRANCH,BranchOpenDate,datetime,QA_CURATED_FP,EDIP_SB,BRANCH,Branch_Open_Date,datetime,,,,,,,
QA_RAW_FP,LR,OLTP_BRANCH,BranchCloseDate,datetime,QA_CURATED_FP,EDIP_SB,BRANCH,Branch_Closed_Date,datetime,,,,,,,
QA_RAW_FP,LR,OLTP_BRANCH,BranchType,tinyint,QA_CURATED_FP,EDIP_SB,BRANCH,Branch_Type,tinyint,,,,,,,
QA_RAW_FP,LR,OLTP_BRANCH,BranchStatus,smallint,QA_CURATED_FP,EDIP_SB,BRANCH,Branch_Status,smallint,,,,,,,
QA_RAW_FP,LR,OLTP_BRANCH,BranchName,varchar(50),QA_CURATED_FP,EDIP_SB,BRANCH,Branch_Name,varchar(50),,,,,,,
QA_RAW_FP,LR,OLTP_BRANCH,CRDNumber,varchar(10),QA_CURATED_FP,EDIP_SB,BRANCH,Branch_CRD_NUmber,varchar(10),,,,,,,
QA_RAW_FP,LR,OLTP_BRANCH,BillingCode,varchar(32),QA_CURATED_FP,EDIP_SB,BRANCH,Branch_Billing_Code,varchar(32),,,,,,,
QA_RAW_FP,LR,OLTP_BRANCH,UpdatedBy,varchar(32),QA_CURATED_FP,EDIP_SB,BRANCH,Updated_By,varchar(50),,,,,,,
QA_RAW_FP,LR,OLTP_BRANCH,UpdateTS,datetime,QA_CURATED_FP,EDIP_SB,BRANCH,Update_TS,datetime,,,,,,,
QA_RAW_FP,LR,OLTP_BRANCH,BranchCode,varchar(5),QA_CURATED_FP,EDIP_SB,BRANCH,Branch_Code,varchar(5),,,,,,,
QA_RAW_FP,LR,OLTP_EMPLOYMENTLOCATION,RegLocation,char(1),QA_CURATED_FP,EDIP_SB,INVESTMENTADVISERFIRM,RegLocation,char(1),,,,,,,
QA_RAW_FP,LR,OLTP_EMPLOYMENTLOCATION,LocatedAt,char(1),QA_CURATED_FP,EDIP_SB,INVESTMENTADVISERFIRM,LocatedAt,char(1),,,,,,,
QA_RAW_FP,LR,OLTP_EMPLOYMENTLOCATION,SupervisedFrom,char(1),QA_CURATED_FP,EDIP_SB,INVESTMENTADVISERFIRM,SupervisedFrom,char(1),,,,,,,
QA_RAW_FP,LR,OLTP_EMPLOYMENTLOCATION,BillingCode,varchar(8),QA_CURATED_FP,EDIP_SB,INVESTMENTADVISERFIRM,BillingCode,varchar(8),,,,,,,
QA_RAW_FP,LR,OLTP_EMPLOYMENTLOCATION,BDMain,char(1),QA_CURATED_FP,EDIP_SB,INVESTMENTADVISERFIRM,BDMain,char(1),,,,,,,
QA_RAW_FP,LR,OLTP_EMPLOYMENTLOCATION,IAMain,char(1),QA_CURATED_FP,EDIP_SB,INVESTMENTADVISERFIRM,Investment_Adviser_Firm_Id,char(1),,,,,,,
QA_RAW_FP,LR,OLTP_EMPLOYMENTLOCATION,BranchCRDNumber,varchar(7),QA_CURATED_FP,EDIP_SB,INVESTMENTADVISERFIRM,BranchCRDNumber,varchar(7),,,,,,,
QA_RAW_FP,LR,OLTP_EMPLOYMENTLOCATION,BranchId,int,QA_CURATED_FP,EDIP_SB,CUSTOMERBUSINESS,Customer_Business_Id,int,,,,,,,
QA_RAW_FP,LR,OLTP_EMPLOYMENTLOCATION,LocationId,int,QA_CURATED_FP,EDIP_SB,AGCUSTOMER1,AG_Customer_Id,int,,,,,,,
QA_RAW_FP,LR,OLTP_EMPLOYMENTLOCATION,FirmId,int,QA_CURATED_FP,EDIP_SB,AGCUSTOMER1,AG_Firm_Id,int,,,,,,,
QA_RAW_FP,LR,OLTP_INDIVIDUAL,ReportableDisclosures,char(1),QA_CURATED_FP,EDIP_SB,AGCUSTOMER2,ReportableDisclosures,int,,,,,,,
QA_RAW_FP,LR,OLTP_INDIVIDUAL,StatutoryDisq,varchar(50),QA_CURATED_FP,EDIP_SB,AGCUSTOMER2,StatutoryDisq,varchar(50),,,,,,,
QA_RAW_FP,LR,OLTP_INDIVIDUAL,MultipleReg,char(1),QA_CURATED_FP,EDIP_SB,AGCUSTOMER2,MultipleReg,char(1),,,,,,,
QA_RAW_FP,LR,OLTP_INDIVIDUAL,MaterialDiff,char(1),QA_CURATED_FP,EDIP_SB,AGCUSTOMER2,MaterialDiff,char(1),,,,,,,
